{
  "properties": {
    "connectionReferences": {
      "shared_commondataserviceforapps": {
        "runtimeSource": "embedded",
        "connection": {
          "connectionReferenceLogicalName": "gi_sharedcommondataserviceforapps_1c12c"
        },
        "api": {
          "name": "shared_commondataserviceforapps"
        }
      }
    },
    "definition": {
      "$schema": "https://schema.management.azure.com/providers/Microsoft.Logic/schemas/2016-06-01/workflowdefinition.json#",
      "contentVersion": "1.0.0.0",
      "parameters": {
        "$connections": {
          "defaultValue": {},
          "type": "Object"
        },
        "$authentication": {
          "defaultValue": {},
          "type": "SecureObject"
        }
      },
      "triggers": {
        "Recurrence": {
          "recurrence": {
            "frequency": "Day",
            "interval": 1,
            "timeZone": "Pacific Standard Time",
            "startTime": "2022-12-27T18:00:00Z",
            "schedule": {
              "hours": [
                "8",
                "9",
                "10",
                "11",
                "12",
                "13",
                "14",
                "15",
                "16",
                "17",
                "18"
              ]
            }
          },
          "metadata": {
            "operationMetadataId": "b90af95b-b296-4642-8048-6687513fe1f5"
          },
          "type": "Recurrence"
        }
      },
      "actions": {
        "Initialize_CaseTitles_Array": {
          "runAfter": {},
          "metadata": {
            "operationMetadataId": "73d0a6c0-78d4-40f3-a8b6-0947db7600b1"
          },
          "type": "InitializeVariable",
          "inputs": {
            "variables": [
              {
                "name": "CaseTitles",
                "type": "array",
                "value": [
                  "Issue with eCommerce Ordering",
                  "Couldn't process credit card during checkout",
                  "Change of Billing Address in Order Form",
                  "Interested in learning more about custom fitting and design",
                  "Appointment to come onsite for a custom fitting",
                  "Inquiry on how to get the tracking information for the customer's order",
                  "Customer wants to understand shipping options and expected shipping time",
                  "How can I check the status of my order?",
                  "How long does it typically take to get a custom fitting?",
                  "How can I schedule a custom fitting session?",
                  "How long does it typically take to ship a made to fitting and custom order?",
                  "How do I receive my loyalty points?",
                  "How do I redeem my loyalty points",
                  "How do I earn loyalty points",
                  "Can I buy additional loyalty points?",
                  "How are loyalty points calculated?",
                  "How do I join the loyalty program?",
                  "What happens to my loyalty points if I return an item that earned points?",
                  "Do my loyalty points ever expire?",
                  "When does my subscription renew?",
                  "I want to update my subscription status?",
                  "I started my subscription through the Apple or Google online store, how do I get a refund?",
                  "My login isn't working?",
                  "Who should I contact if I have issues with my subscription?",
                  "Does your mobile app track my location?",
                  "Can I share my subscription with anyone else?",
                  "I frequently travel abroad outside of the United States, will my subscription still work?",
                  "Do you save my information when I cancel?",
                  "Customer request to delete informaiton and provide report",
                  "Inquiry about Warranty Policy",
                  "Need more information on Warranty Policy",
                  "How do I go about submitting a warranty claim?",
                  "Status check on warranty claim, customer awaiting approval and Warranty Number.",
                  "Customer couldn't get tracking information on their order",
                  "Customer has question on how long it takes for tracking information to be updated"
                ]
              }
            ]
          }
        },
        "Initialize_CaseType_Array": {
          "runAfter": {
            "Initialize_ContactLastName_String": [
              "Succeeded"
            ]
          },
          "metadata": {
            "operationMetadataId": "d991e7ef-1bff-4958-8a65-c5f3941aca63"
          },
          "type": "InitializeVariable",
          "inputs": {
            "variables": [
              {
                "name": "CaseType",
                "type": "array",
                "value": [
                  1,
                  2,
                  3
                ]
              }
            ]
          }
        },
        "Initialize_Contacts_Array": {
          "runAfter": {
            "Initialize_Subjects_Array": [
              "Succeeded"
            ]
          },
          "metadata": {
            "operationMetadataId": "19524eec-b290-46e5-b9ec-6739aa6532f2"
          },
          "type": "InitializeVariable",
          "inputs": {
            "variables": [
              {
                "name": "Contacts",
                "type": "array",
                "value": [
                  "f9d9fffa-56e9-eb11-bacb-000d3a33359a",
                  "fbd9fffa-56e9-eb11-bacb-000d3a33359a",
                  "fdd9fffa-56e9-eb11-bacb-000d3a33359a",
                  "ffd9fffa-56e9-eb11-bacb-000d3a33359a",
                  "01dafffa-56e9-eb11-bacb-000d3a33359a",
                  "03dafffa-56e9-eb11-bacb-000d3a33359a",
                  "05dafffa-56e9-eb11-bacb-000d3a33359a",
                  "07dafffa-56e9-eb11-bacb-000d3a33359a",
                  "09dafffa-56e9-eb11-bacb-000d3a33359a",
                  "0bdafffa-56e9-eb11-bacb-000d3a33359a",
                  "0ddafffa-56e9-eb11-bacb-000d3a33359a",
                  "0fdafffa-56e9-eb11-bacb-000d3a33359a",
                  "11dafffa-56e9-eb11-bacb-000d3a33359a",
                  "a3f4fea5-9412-ec11-b6e6-000d3a3ac1cd",
                  "99db51a2-c34e-e111-bb8d-00155d03a715",
                  "0a25aca9-aa14-ec11-b6e6-00224803b409",
                  "ce4ae905-1217-ec11-b6e6-00224803b409",
                  "5383b19b-6d2f-ed11-9db1-00224805b2a4",
                  "86388af3-3f0b-ec11-b6e6-00224808d158",
                  "9d22e7c0-820b-ec11-b6e6-00224808d158",
                  "aebd0a00-e52a-ed11-9db1-0022480a363f",
                  "7469fd95-c0bd-4236-90bf-1d1100291df5",
                  "465b158c-541c-e511-80d3-3863bb347ba8",
                  "98357eb6-6b55-ed11-bba2-6045bd006076",
                  "49a0e5b9-88df-e311-b8e5-6c3be5a8b200",
                  "4ba0e5b9-88df-e311-b8e5-6c3be5a8b200",
                  "4da0e5b9-88df-e311-b8e5-6c3be5a8b200",
                  "4fa0e5b9-88df-e311-b8e5-6c3be5a8b200",
                  "51a0e5b9-88df-e311-b8e5-6c3be5a8b200",
                  "53a0e5b9-88df-e311-b8e5-6c3be5a8b200",
                  "55a0e5b9-88df-e311-b8e5-6c3be5a8b200",
                  "57a0e5b9-88df-e311-b8e5-6c3be5a8b200",
                  "59a0e5b9-88df-e311-b8e5-6c3be5a8b200",
                  "5ba0e5b9-88df-e311-b8e5-6c3be5a8b200",
                  "5da0e5b9-88df-e311-b8e5-6c3be5a8b200",
                  "5fa0e5b9-88df-e311-b8e5-6c3be5a8b200",
                  "61a0e5b9-88df-e311-b8e5-6c3be5a8b200",
                  "63a0e5b9-88df-e311-b8e5-6c3be5a8b200",
                  "65a0e5b9-88df-e311-b8e5-6c3be5a8b200",
                  "69a0e5b9-88df-e311-b8e5-6c3be5a8b200",
                  "6da0e5b9-88df-e311-b8e5-6c3be5a8b200",
                  "71a0e5b9-88df-e311-b8e5-6c3be5a8b200",
                  "73a0e5b9-88df-e311-b8e5-6c3be5a8b200",
                  "b5a0e5b9-88df-e311-b8e5-6c3be5a8b200",
                  "b7a0e5b9-88df-e311-b8e5-6c3be5a8b200",
                  "1fa1e5b9-88df-e311-b8e5-6c3be5a8b200",
                  "55a1e5b9-88df-e311-b8e5-6c3be5a8b200",
                  "9da1e5b9-88df-e311-b8e5-6c3be5a8b200",
                  "c9a1e5b9-88df-e311-b8e5-6c3be5a8b200",
                  "d7a1e5b9-88df-e311-b8e5-6c3be5a8b200",
                  "eba1e5b9-88df-e311-b8e5-6c3be5a8b200",
                  "19a2e5b9-88df-e311-b8e5-6c3be5a8b200",
                  "4fa2e5b9-88df-e311-b8e5-6c3be5a8b200",
                  "5da2e5b9-88df-e311-b8e5-6c3be5a8b200",
                  "75a2e5b9-88df-e311-b8e5-6c3be5a8b200",
                  "83a2e5b9-88df-e311-b8e5-6c3be5a8b200",
                  "9ba2e5b9-88df-e311-b8e5-6c3be5a8b200",
                  "a1a2e5b9-88df-e311-b8e5-6c3be5a8b200",
                  "a9a2e5b9-88df-e311-b8e5-6c3be5a8b200",
                  "bfa2e5b9-88df-e311-b8e5-6c3be5a8b200",
                  "c7a2e5b9-88df-e311-b8e5-6c3be5a8b200",
                  "e7a2e5b9-88df-e311-b8e5-6c3be5a8b200",
                  "35a3e5b9-88df-e311-b8e5-6c3be5a8b200",
                  "61a3e5b9-88df-e311-b8e5-6c3be5a8b200",
                  "a9a3e5b9-88df-e311-b8e5-6c3be5a8b200",
                  "afa3e5b9-88df-e311-b8e5-6c3be5a8b200",
                  "c7a3e5b9-88df-e311-b8e5-6c3be5a8b200",
                  "dba3e5b9-88df-e311-b8e5-6c3be5a8b200",
                  "09a4e5b9-88df-e311-b8e5-6c3be5a8b200",
                  "19a4e5b9-88df-e311-b8e5-6c3be5a8b200",
                  "39a4e5b9-88df-e311-b8e5-6c3be5a8b200",
                  "73a4e5b9-88df-e311-b8e5-6c3be5a8b200",
                  "9fa4e5b9-88df-e311-b8e5-6c3be5a8b200",
                  "ffa4e5b9-88df-e311-b8e5-6c3be5a8b200",
                  "55a5e5b9-88df-e311-b8e5-6c3be5a8b200",
                  "5fa5e5b9-88df-e311-b8e5-6c3be5a8b200",
                  "6fa5e5b9-88df-e311-b8e5-6c3be5a8b200",
                  "71a5e5b9-88df-e311-b8e5-6c3be5a8b200",
                  "73a5e5b9-88df-e311-b8e5-6c3be5a8b200",
                  "89a5e5b9-88df-e311-b8e5-6c3be5a8b200",
                  "9fa5e5b9-88df-e311-b8e5-6c3be5a8b200",
                  "c9a5e5b9-88df-e311-b8e5-6c3be5a8b200",
                  "f1a5e5b9-88df-e311-b8e5-6c3be5a8b200",
                  "4ba6e5b9-88df-e311-b8e5-6c3be5a8b200",
                  "4fa6e5b9-88df-e311-b8e5-6c3be5a8b200",
                  "55a6e5b9-88df-e311-b8e5-6c3be5a8b200",
                  "5ba6e5b9-88df-e311-b8e5-6c3be5a8b200",
                  "67a6e5b9-88df-e311-b8e5-6c3be5a8b200",
                  "8da6e5b9-88df-e311-b8e5-6c3be5a8b200",
                  "b5a6e5b9-88df-e311-b8e5-6c3be5a8b200",
                  "b9a6e5b9-88df-e311-b8e5-6c3be5a8b200",
                  "0fa7e5b9-88df-e311-b8e5-6c3be5a8b200",
                  "21a7e5b9-88df-e311-b8e5-6c3be5a8b200",
                  "6fa7e5b9-88df-e311-b8e5-6c3be5a8b200",
                  "83a7e5b9-88df-e311-b8e5-6c3be5a8b200",
                  "afa7e5b9-88df-e311-b8e5-6c3be5a8b200",
                  "b3a7e5b9-88df-e311-b8e5-6c3be5a8b200",
                  "e3a7e5b9-88df-e311-b8e5-6c3be5a8b200",
                  "a1e13d1a-45ee-4378-8363-9e8fa6ee157e",
                  "9c7a70c3-4ec8-e411-80ee-c4346bac7be8",
                  "a230c305-4fc8-e411-80ee-c4346bac7be8",
                  "02fa7133-4fc8-e411-80ee-c4346bac7be8",
                  "1a4f0c57-5666-e711-80f2-c4346bacfbbc",
                  "bde6db77-5666-e711-80f2-c4346bacfbbc",
                  "48b6c6a5-88d2-e411-80e9-c4346bad5694",
                  "58dbd239-d12e-e711-8110-c4346bad9668",
                  "77a07064-1ae7-e611-80f4-e0071b661f01",
                  "79a07064-1ae7-e611-80f4-e0071b661f01",
                  "7ba07064-1ae7-e611-80f4-e0071b661f01",
                  "7da07064-1ae7-e611-80f4-e0071b661f01",
                  "7fa07064-1ae7-e611-80f4-e0071b661f01",
                  "81a07064-1ae7-e611-80f4-e0071b661f01",
                  "83a07064-1ae7-e611-80f4-e0071b661f01",
                  "85a07064-1ae7-e611-80f4-e0071b661f01",
                  "87a07064-1ae7-e611-80f4-e0071b661f01",
                  "8ba07064-1ae7-e611-80f4-e0071b661f01",
                  "8da07064-1ae7-e611-80f4-e0071b661f01",
                  "91a07064-1ae7-e611-80f4-e0071b661f01",
                  "93a07064-1ae7-e611-80f4-e0071b661f01",
                  "95a07064-1ae7-e611-80f4-e0071b661f01",
                  "97a07064-1ae7-e611-80f4-e0071b661f01",
                  "99a07064-1ae7-e611-80f4-e0071b661f01",
                  "9ba07064-1ae7-e611-80f4-e0071b661f01",
                  "9da07064-1ae7-e611-80f4-e0071b661f01",
                  "9fa07064-1ae7-e611-80f4-e0071b661f01",
                  "a1a07064-1ae7-e611-80f4-e0071b661f01",
                  "a3a07064-1ae7-e611-80f4-e0071b661f01",
                  "a5a07064-1ae7-e611-80f4-e0071b661f01",
                  "a7a07064-1ae7-e611-80f4-e0071b661f01",
                  "a9a07064-1ae7-e611-80f4-e0071b661f01",
                  "aba07064-1ae7-e611-80f4-e0071b661f01",
                  "afa07064-1ae7-e611-80f4-e0071b661f01",
                  "b1a07064-1ae7-e611-80f4-e0071b661f01",
                  "b3a07064-1ae7-e611-80f4-e0071b661f01",
                  "b5a07064-1ae7-e611-80f4-e0071b661f01",
                  "b7a07064-1ae7-e611-80f4-e0071b661f01",
                  "b9a07064-1ae7-e611-80f4-e0071b661f01",
                  "bba07064-1ae7-e611-80f4-e0071b661f01",
                  "bda07064-1ae7-e611-80f4-e0071b661f01",
                  "bfa07064-1ae7-e611-80f4-e0071b661f01",
                  "c1a07064-1ae7-e611-80f4-e0071b661f01",
                  "c3a07064-1ae7-e611-80f4-e0071b661f01",
                  "c5a07064-1ae7-e611-80f4-e0071b661f01",
                  "c7a07064-1ae7-e611-80f4-e0071b661f01",
                  "c9a07064-1ae7-e611-80f4-e0071b661f01",
                  "cba07064-1ae7-e611-80f4-e0071b661f01",
                  "cda07064-1ae7-e611-80f4-e0071b661f01",
                  "cfa07064-1ae7-e611-80f4-e0071b661f01",
                  "d1a07064-1ae7-e611-80f4-e0071b661f01",
                  "d3a07064-1ae7-e611-80f4-e0071b661f01",
                  "d5a07064-1ae7-e611-80f4-e0071b661f01",
                  "d7a07064-1ae7-e611-80f4-e0071b661f01",
                  "d9a07064-1ae7-e611-80f4-e0071b661f01",
                  "dba07064-1ae7-e611-80f4-e0071b661f01",
                  "dfa07064-1ae7-e611-80f4-e0071b661f01",
                  "e5a07064-1ae7-e611-80f4-e0071b661f01",
                  "eba07064-1ae7-e611-80f4-e0071b661f01",
                  "eda07064-1ae7-e611-80f4-e0071b661f01",
                  "efa07064-1ae7-e611-80f4-e0071b661f01",
                  "f1a07064-1ae7-e611-80f4-e0071b661f01",
                  "f3a07064-1ae7-e611-80f4-e0071b661f01",
                  "f5a07064-1ae7-e611-80f4-e0071b661f01",
                  "f7a07064-1ae7-e611-80f4-e0071b661f01",
                  "f9a07064-1ae7-e611-80f4-e0071b661f01",
                  "fba07064-1ae7-e611-80f4-e0071b661f01",
                  "fda07064-1ae7-e611-80f4-e0071b661f01",
                  "ffa07064-1ae7-e611-80f4-e0071b661f01",
                  "01a17064-1ae7-e611-80f4-e0071b661f01",
                  "03a17064-1ae7-e611-80f4-e0071b661f01",
                  "05a17064-1ae7-e611-80f4-e0071b661f01",
                  "07a17064-1ae7-e611-80f4-e0071b661f01",
                  "09a17064-1ae7-e611-80f4-e0071b661f01",
                  "0ba17064-1ae7-e611-80f4-e0071b661f01",
                  "0da17064-1ae7-e611-80f4-e0071b661f01",
                  "0fa17064-1ae7-e611-80f4-e0071b661f01",
                  "11a17064-1ae7-e611-80f4-e0071b661f01",
                  "13a17064-1ae7-e611-80f4-e0071b661f01",
                  "15a17064-1ae7-e611-80f4-e0071b661f01",
                  "17a17064-1ae7-e611-80f4-e0071b661f01",
                  "19a17064-1ae7-e611-80f4-e0071b661f01",
                  "1ba17064-1ae7-e611-80f4-e0071b661f01",
                  "1da17064-1ae7-e611-80f4-e0071b661f01",
                  "1fa17064-1ae7-e611-80f4-e0071b661f01",
                  "21a17064-1ae7-e611-80f4-e0071b661f01",
                  "23a17064-1ae7-e611-80f4-e0071b661f01",
                  "25a17064-1ae7-e611-80f4-e0071b661f01",
                  "27a17064-1ae7-e611-80f4-e0071b661f01",
                  "29a17064-1ae7-e611-80f4-e0071b661f01",
                  "2ba17064-1ae7-e611-80f4-e0071b661f01",
                  "2da17064-1ae7-e611-80f4-e0071b661f01",
                  "2fa17064-1ae7-e611-80f4-e0071b661f01",
                  "31a17064-1ae7-e611-80f4-e0071b661f01",
                  "33a17064-1ae7-e611-80f4-e0071b661f01",
                  "35a17064-1ae7-e611-80f4-e0071b661f01",
                  "37a17064-1ae7-e611-80f4-e0071b661f01",
                  "39a17064-1ae7-e611-80f4-e0071b661f01",
                  "3ba17064-1ae7-e611-80f4-e0071b661f01",
                  "3da17064-1ae7-e611-80f4-e0071b661f01",
                  "3fa17064-1ae7-e611-80f4-e0071b661f01",
                  "41a17064-1ae7-e611-80f4-e0071b661f01",
                  "43a17064-1ae7-e611-80f4-e0071b661f01",
                  "45a17064-1ae7-e611-80f4-e0071b661f01",
                  "47a17064-1ae7-e611-80f4-e0071b661f01",
                  "49a17064-1ae7-e611-80f4-e0071b661f01",
                  "4ba17064-1ae7-e611-80f4-e0071b661f01",
                  "4da17064-1ae7-e611-80f4-e0071b661f01",
                  "4fa17064-1ae7-e611-80f4-e0071b661f01",
                  "51a17064-1ae7-e611-80f4-e0071b661f01",
                  "53a17064-1ae7-e611-80f4-e0071b661f01",
                  "55a17064-1ae7-e611-80f4-e0071b661f01",
                  "57a17064-1ae7-e611-80f4-e0071b661f01",
                  "59a17064-1ae7-e611-80f4-e0071b661f01",
                  "5ba17064-1ae7-e611-80f4-e0071b661f01",
                  "5da17064-1ae7-e611-80f4-e0071b661f01",
                  "5fa17064-1ae7-e611-80f4-e0071b661f01",
                  "61a17064-1ae7-e611-80f4-e0071b661f01",
                  "63a17064-1ae7-e611-80f4-e0071b661f01",
                  "65a17064-1ae7-e611-80f4-e0071b661f01",
                  "67a17064-1ae7-e611-80f4-e0071b661f01",
                  "69a17064-1ae7-e611-80f4-e0071b661f01",
                  "6ba17064-1ae7-e611-80f4-e0071b661f01",
                  "6da17064-1ae7-e611-80f4-e0071b661f01",
                  "6fa17064-1ae7-e611-80f4-e0071b661f01",
                  "71a17064-1ae7-e611-80f4-e0071b661f01",
                  "73a17064-1ae7-e611-80f4-e0071b661f01",
                  "75a17064-1ae7-e611-80f4-e0071b661f01",
                  "77a17064-1ae7-e611-80f4-e0071b661f01",
                  "79a17064-1ae7-e611-80f4-e0071b661f01",
                  "7ba17064-1ae7-e611-80f4-e0071b661f01",
                  "7da17064-1ae7-e611-80f4-e0071b661f01",
                  "7fa17064-1ae7-e611-80f4-e0071b661f01",
                  "81a17064-1ae7-e611-80f4-e0071b661f01",
                  "83a17064-1ae7-e611-80f4-e0071b661f01",
                  "85a17064-1ae7-e611-80f4-e0071b661f01",
                  "87a17064-1ae7-e611-80f4-e0071b661f01",
                  "89a17064-1ae7-e611-80f4-e0071b661f01",
                  "1bb028ba-da09-e711-8107-e0071b6a1051",
                  "2d0f7e14-0c56-e711-8135-e0071b6a7021"
                ]
              }
            ]
          }
        },
        "Initialize_Priority_Array": {
          "runAfter": {
            "Initialize_CaseDescription": [
              "Succeeded"
            ]
          },
          "metadata": {
            "operationMetadataId": "4410dbc9-7384-47da-bbf6-a137ad3cfb5e"
          },
          "type": "InitializeVariable",
          "inputs": {
            "variables": [
              {
                "name": "Priority",
                "type": "array",
                "value": [
                  1,
                  2,
                  3
                ]
              }
            ]
          }
        },
        "Initialize_Origin_Array": {
          "runAfter": {
            "Initialize_Products_Array": [
              "Succeeded"
            ]
          },
          "metadata": {
            "operationMetadataId": "28c7c5b6-67bc-4452-b903-ea8d96a289a4"
          },
          "type": "InitializeVariable",
          "inputs": {
            "variables": [
              {
                "name": "Origin",
                "type": "array",
                "value": [
                  1,
                  2,
                  3,
                  2483,
                  3986,
                  700610000,
                  501900001
                ]
              }
            ]
          }
        },
        "Initialize_StatusReason": {
          "runAfter": {
            "Initialize_Owners_Array": [
              "Succeeded"
            ]
          },
          "metadata": {
            "operationMetadataId": "663dbaad-06bc-4037-9fe3-62e08a3bdee6"
          },
          "type": "InitializeVariable",
          "inputs": {
            "variables": [
              {
                "name": "StatusReason",
                "type": "array",
                "value": [
                  1,
                  2,
                  3,
                  4
                ]
              }
            ]
          }
        },
        "Initialize_MaxCreate": {
          "runAfter": {
            "Initialize_IsEscalated": [
              "Succeeded"
            ]
          },
          "metadata": {
            "operationMetadataId": "8f1634f8-b078-4288-b327-0d7bac40d708"
          },
          "type": "InitializeVariable",
          "inputs": {
            "variables": [
              {
                "name": "MaxCreate",
                "type": "integer",
                "value": "@rand(15,25)"
              }
            ]
          }
        },
        "Do_until": {
          "actions": {
            "Set_Contact_GUID": {
              "runAfter": {},
              "metadata": {
                "operationMetadataId": "eb08eeeb-ff7b-465e-90f9-762f443df8a4"
              },
              "type": "SetVariable",
              "inputs": {
                "name": "Contact",
                "value": "@{variables('Contacts')[rand(0,length(variables('Contacts')))]}"
              }
            },
            "Get_Contact_row_by_ID": {
              "runAfter": {
                "Set_Contact_GUID": [
                  "Succeeded"
                ]
              },
              "metadata": {
                "operationMetadataId": "c0ad16f5-a740-4483-88f3-6387eae3bb95"
              },
              "type": "OpenApiConnection",
              "inputs": {
                "host": {
                  "connectionName": "shared_commondataserviceforapps",
                  "operationId": "GetItem",
                  "apiId": "/providers/Microsoft.PowerApps/apis/shared_commondataserviceforapps"
                },
                "parameters": {
                  "entityName": "contacts",
                  "recordId": "@variables('Contact')"
                },
                "authentication": "@parameters('$authentication')"
              }
            },
            "Add_a_new_row": {
              "runAfter": {
                "Set_ContactLastName": [
                  "Succeeded"
                ]
              },
              "metadata": {
                "operationMetadataId": "c9c380ae-f26f-4def-bd41-22258e3f4485"
              },
              "type": "OpenApiConnection",
              "inputs": {
                "host": {
                  "connectionName": "shared_commondataserviceforapps",
                  "operationId": "CreateRecord",
                  "apiId": "/providers/Microsoft.PowerApps/apis/shared_commondataserviceforapps"
                },
                "parameters": {
                  "entityName": "incidents",
                  "item/title": "@variables('CaseTitle')",
                  "item/casetypecode": "@variables('CaseType')[rand(0,length(variables('CaseType')))]",
                  "item/customerid_contact@odata.bind": "contacts(@{variables('Contact')})",
                  "item/description": "@concat(variables('ContactFirstName'), ' ', variables('ContactLastName'), ' - ', variables('CaseTitle'))",
                  "item/ownerid@odata.bind": "/systemusers/@{variables('Owners')[rand(0,length(variables('Owners')))]}",
                  "item/prioritycode": "@variables('Priority')[rand(0,length(variables('Priority')))]",
                  "item/statuscode": "@variables('StatusReason')[rand(0,length(variables('StatusReason')))]",
                  "item/subjectid@odata.bind": "subjects(@{variables('Subjects')[rand(0,length(variables('Subjects')))]})",
                  "item/cr682_demodatasimulator": true,
                  "item/isescalated": "@variables('IsEscalated')",
                  "item/caseorigincode": "@variables('Origin')[rand(0,length(variables('Origin')))]",
                  "item/productid@odata.bind": "products(@{variables('Products')[rand(0,length(variables('Products')))]})",
                  "item/adx_publishtoweb": true,
                  "item/severitycode": 1
                },
                "authentication": "@parameters('$authentication')"
              }
            },
            "Increment_variable": {
              "runAfter": {
                "Add_a_new_row": [
                  "Succeeded"
                ]
              },
              "metadata": {
                "operationMetadataId": "8cacaaed-89ec-4748-8a08-c591bc985f71"
              },
              "type": "IncrementVariable",
              "inputs": {
                "name": "Created",
                "value": 1
              }
            },
            "Set_CaseTitle": {
              "runAfter": {
                "Condition": [
                  "Succeeded"
                ]
              },
              "metadata": {
                "operationMetadataId": "a6f013ff-7743-4c27-8c25-709bfd0b30ea"
              },
              "type": "SetVariable",
              "inputs": {
                "name": "CaseTitle",
                "value": "@{variables('CaseTitles')[rand(0,length(variables('CaseTitles')))]}"
              }
            },
            "Set_ContactFirstName": {
              "runAfter": {
                "Set_CaseTitle": [
                  "Succeeded"
                ]
              },
              "metadata": {
                "operationMetadataId": "e6a20ce9-8ed1-4fab-bf0c-1accfaec083b"
              },
              "type": "SetVariable",
              "inputs": {
                "name": "ContactFirstName",
                "value": "@outputs('Get_Contact_row_by_ID')?['body/firstname']"
              }
            },
            "Set_ContactLastName": {
              "runAfter": {
                "Set_ContactFirstName": [
                  "Succeeded"
                ]
              },
              "metadata": {
                "operationMetadataId": "8e56a508-2752-4c47-b4ed-4717586adc4d"
              },
              "type": "SetVariable",
              "inputs": {
                "name": "ContactLastName",
                "value": "@outputs('Get_Contact_row_by_ID')?['body/lastname']"
              }
            },
            "Set_variable": {
              "runAfter": {
                "Get_Contact_row_by_ID": [
                  "Succeeded"
                ]
              },
              "metadata": {
                "operationMetadataId": "4e7e61e0-f5b1-480a-98ff-e08198d9041a"
              },
              "type": "SetVariable",
              "inputs": {
                "name": "IsEscalatedRandom",
                "value": "@rand(1,100)"
              }
            },
            "Condition": {
              "actions": {
                "Set_variable_2": {
                  "runAfter": {},
                  "metadata": {
                    "operationMetadataId": "7a127d47-4891-4b47-8da4-0dd53e8ea148"
                  },
                  "type": "SetVariable",
                  "inputs": {
                    "name": "IsEscalated",
                    "value": true
                  }
                }
              },
              "runAfter": {
                "Set_variable": [
                  "Succeeded"
                ]
              },
              "else": {
                "actions": {
                  "Set_variable_3": {
                    "runAfter": {},
                    "metadata": {
                      "operationMetadataId": "d96f644f-d192-4d95-93ee-3438d4c0a8f9"
                    },
                    "type": "SetVariable",
                    "inputs": {
                      "name": "IsEscalated",
                      "value": false
                    }
                  }
                }
              },
              "expression": {
                "lessOrEquals": [
                  "@variables('IsEscalatedRandom')",
                  7
                ]
              },
              "metadata": {
                "operationMetadataId": "865e510b-5269-4d4d-af52-0133bdb77ee4"
              },
              "type": "If"
            }
          },
          "runAfter": {
            "Initialize_Created": [
              "Succeeded"
            ]
          },
          "expression": "@greaterOrEquals(variables('Created'), variables('MaxCreate'))",
          "limit": {
            "count": 60,
            "timeout": "PT1H"
          },
          "metadata": {
            "operationMetadataId": "14047ea4-5693-4291-8d56-544eaed5ee2e"
          },
          "type": "Until"
        },
        "Initialize_Created": {
          "runAfter": {
            "Initialize_MaxCreate": [
              "Succeeded"
            ]
          },
          "metadata": {
            "operationMetadataId": "9d17ad49-9de6-4867-ad85-73f90e4f8307"
          },
          "type": "InitializeVariable",
          "inputs": {
            "variables": [
              {
                "name": "Created",
                "type": "integer",
                "value": 0
              }
            ]
          }
        },
        "Initialize_Contact_GUID": {
          "runAfter": {
            "Initialize_Contacts_Array": [
              "Succeeded"
            ]
          },
          "metadata": {
            "operationMetadataId": "0a19a924-6049-415c-8bd4-efa29c6baf89"
          },
          "type": "InitializeVariable",
          "inputs": {
            "variables": [
              {
                "name": "Contact",
                "type": "string"
              }
            ]
          }
        },
        "Initialize_CaseDescription": {
          "runAfter": {
            "Initialize_Contact_GUID": [
              "Succeeded"
            ]
          },
          "metadata": {
            "operationMetadataId": "234516aa-cca7-46be-8ae6-0338d99c5e6d"
          },
          "type": "InitializeVariable",
          "inputs": {
            "variables": [
              {
                "name": "CaseDescription",
                "type": "string"
              }
            ]
          }
        },
        "Initialize_CaseTitle_String": {
          "runAfter": {
            "Initialize_CaseTitles_Array": [
              "Succeeded"
            ]
          },
          "metadata": {
            "operationMetadataId": "93f6735b-3e2e-4ece-b552-682af5a14e42"
          },
          "type": "InitializeVariable",
          "inputs": {
            "variables": [
              {
                "name": "CaseTitle",
                "type": "string"
              }
            ]
          }
        },
        "Initialize_ContactFirstName_String": {
          "runAfter": {
            "Initialize_CaseTitle_String": [
              "Succeeded"
            ]
          },
          "metadata": {
            "operationMetadataId": "00beaad8-ab2d-43d2-a91c-9c2f83486b05"
          },
          "type": "InitializeVariable",
          "inputs": {
            "variables": [
              {
                "name": "ContactFirstName",
                "type": "string"
              }
            ]
          }
        },
        "Initialize_ContactLastName_String": {
          "runAfter": {
            "Initialize_ContactFirstName_String": [
              "Succeeded"
            ]
          },
          "metadata": {
            "operationMetadataId": "48fcfa25-2924-48ba-8156-1784724918e8"
          },
          "type": "InitializeVariable",
          "inputs": {
            "variables": [
              {
                "name": "ContactLastName",
                "type": "string"
              }
            ]
          }
        },
        "Initialize_Subjects_Array": {
          "runAfter": {
            "Initialize_CaseType_Array": [
              "Succeeded"
            ]
          },
          "metadata": {
            "operationMetadataId": "044ab7a7-8075-446e-848d-2498597ede40"
          },
          "type": "InitializeVariable",
          "inputs": {
            "variables": [
              {
                "name": "Subjects",
                "type": "array",
                "value": [
                  "51cdcb65-dde6-eb11-bacb-00224802c880",
                  "131de3d1-21d5-e411-80eb-c4346bad3638",
                  "171de3d1-21d5-e411-80eb-c4346bad3638",
                  "151de3d1-21d5-e411-80eb-c4346bad3638",
                  "191de3d1-21d5-e411-80eb-c4346bad3638",
                  "25bc3301-57e9-eb11-bacb-000d3a33359a",
                  "0f1de3d1-21d5-e411-80eb-c4346bad3638",
                  "27bc3301-57e9-eb11-bacb-000d3a33359a",
                  "111de3d1-21d5-e411-80eb-c4346bad3638"
                ]
              }
            ]
          }
        },
        "Initialize_Products_Array": {
          "runAfter": {
            "Initialize_Priority_Array": [
              "Succeeded"
            ]
          },
          "metadata": {
            "operationMetadataId": "577efa78-1a17-4e97-bf07-253d323834c7"
          },
          "type": "InitializeVariable",
          "inputs": {
            "variables": [
              {
                "name": "Products",
                "type": "array",
                "value": [
                  "41b8cf5d-7dc3-e411-80df-fc15b42886e8",
                  "7147c934-1de7-e611-80f4-e0071b661f01",
                  "222bf20a-081e-e711-8103-c4346bac2908",
                  "b249cbc2-2ee7-e611-8110-e0071b66bf01",
                  "6d47c934-1de7-e611-80f4-e0071b661f01",
                  "6f47c934-1de7-e611-80f4-e0071b661f01",
                  "e649cbc2-2ee7-e611-8110-e0071b66bf01",
                  "ce49cbc2-2ee7-e611-8110-e0071b66bf01",
                  "e049cbc2-2ee7-e611-8110-e0071b66bf01",
                  "c849cbc2-2ee7-e611-8110-e0071b66bf01",
                  "fe49cbc2-2ee7-e611-8110-e0071b66bf01",
                  "c249cbc2-2ee7-e611-8110-e0071b66bf01",
                  "da49cbc2-2ee7-e611-8110-e0071b66bf01",
                  "d449cbc2-2ee7-e611-8110-e0071b66bf01",
                  "fc49cbc2-2ee7-e611-8110-e0071b66bf01",
                  "f049cbc2-2ee7-e611-8110-e0071b66bf01",
                  "f249cbc2-2ee7-e611-8110-e0071b66bf01",
                  "6747c934-1de7-e611-80f4-e0071b661f01",
                  "6947c934-1de7-e611-80f4-e0071b661f01",
                  "6b47c934-1de7-e611-80f4-e0071b661f01",
                  "e449cbc2-2ee7-e611-8110-e0071b66bf01",
                  "cc49cbc2-2ee7-e611-8110-e0071b66bf01",
                  "de49cbc2-2ee7-e611-8110-e0071b66bf01",
                  "c649cbc2-2ee7-e611-8110-e0071b66bf01",
                  "ea49cbc2-2ee7-e611-8110-e0071b66bf01",
                  "c049cbc2-2ee7-e611-8110-e0071b66bf01",
                  "d849cbc2-2ee7-e611-8110-e0071b66bf01",
                  "d249cbc2-2ee7-e611-8110-e0071b66bf01",
                  "6347c934-1de7-e611-80f4-e0071b661f01",
                  "6547c934-1de7-e611-80f4-e0071b661f01",
                  "e249cbc2-2ee7-e611-8110-e0071b66bf01",
                  "ca49cbc2-2ee7-e611-8110-e0071b66bf01",
                  "dc49cbc2-2ee7-e611-8110-e0071b66bf01",
                  "c449cbc2-2ee7-e611-8110-e0071b66bf01",
                  "e849cbc2-2ee7-e611-8110-e0071b66bf01",
                  "be49cbc2-2ee7-e611-8110-e0071b66bf01",
                  "d649cbc2-2ee7-e611-8110-e0071b66bf01",
                  "d049cbc2-2ee7-e611-8110-e0071b66bf01",
                  "f870ff56-d1c6-e411-80e1-c4346bad461c",
                  "2562e998-7fc3-e411-80df-fc15b42886e8",
                  "3509d8af-7bc3-e411-80df-fc15b42886e8",
                  "c71ca9fa-80c3-e411-80df-fc15b42886e8",
                  "a3bb3301-57e9-eb11-bacb-000d3a33359a",
                  "a1bb3301-57e9-eb11-bacb-000d3a33359a",
                  "a9bb3301-57e9-eb11-bacb-000d3a33359a",
                  "2719ba4e-55f8-e611-8104-e0071b6a1051",
                  "ad5a27eb-4df8-e611-8104-e0071b6a1051",
                  "b06a9352-d068-e711-80f3-c4346badc680",
                  "81418262-d4c6-e411-80e1-c4346bad461c",
                  "9bbb3301-57e9-eb11-bacb-000d3a33359a",
                  "1b2d9a60-e9c2-e411-80e5-c4346bad2660",
                  "1d2d9a60-e9c2-e411-80e5-c4346bad2660",
                  "172d9a60-e9c2-e411-80e5-c4346bad2660",
                  "192d9a60-e9c2-e411-80e5-c4346bad2660",
                  "272d9a60-e9c2-e411-80e5-c4346bad2660",
                  "2b2d9a60-e9c2-e411-80e5-c4346bad2660",
                  "2d2d9a60-e9c2-e411-80e5-c4346bad2660",
                  "00b1cd80-7dc3-e411-80df-fc15b42886e8",
                  "1f2d9a60-e9c2-e411-80e5-c4346bad2660",
                  "ae49cbc2-2ee7-e611-8110-e0071b66bf01",
                  "ac49cbc2-2ee7-e611-8110-e0071b66bf01",
                  "aa49cbc2-2ee7-e611-8110-e0071b66bf01",
                  "f837078b-eac2-e411-80e5-c4346bad2660",
                  "fe37078b-eac2-e411-80e5-c4346bad2660",
                  "fc37078b-eac2-e411-80e5-c4346bad2660",
                  "0038078b-eac2-e411-80e5-c4346bad2660",
                  "9fbb3301-57e9-eb11-bacb-000d3a33359a",
                  "a7bb3301-57e9-eb11-bacb-000d3a33359a",
                  "a5bb3301-57e9-eb11-bacb-000d3a33359a",
                  "292d9a60-e9c2-e411-80e5-c4346bad2660",
                  "872d9a60-e9c2-e411-80e5-c4346bad2660",
                  "8d2d9a60-e9c2-e411-80e5-c4346bad2660",
                  "8b2d9a60-e9c2-e411-80e5-c4346bad2660",
                  "852d9a60-e9c2-e411-80e5-c4346bad2660",
                  "792d9a60-e9c2-e411-80e5-c4346bad2660",
                  "812d9a60-e9c2-e411-80e5-c4346bad2660",
                  "892d9a60-e9c2-e411-80e5-c4346bad2660",
                  "0f2d9a60-e9c2-e411-80e5-c4346bad2660",
                  "0d2d9a60-e9c2-e411-80e5-c4346bad2660",
                  "132d9a60-e9c2-e411-80e5-c4346bad2660",
                  "112d9a60-e9c2-e411-80e5-c4346bad2660",
                  "0b2d9a60-e9c2-e411-80e5-c4346bad2660",
                  "092d9a60-e9c2-e411-80e5-c4346bad2660",
                  "152d9a60-e9c2-e411-80e5-c4346bad2660",
                  "7f2d9a60-e9c2-e411-80e5-c4346bad2660",
                  "7d2d9a60-e9c2-e411-80e5-c4346bad2660",
                  "7b2d9a60-e9c2-e411-80e5-c4346bad2660",
                  "512d9a60-e9c2-e411-80e5-c4346bad2660",
                  "4f2d9a60-e9c2-e411-80e5-c4346bad2660",
                  "4d2d9a60-e9c2-e411-80e5-c4346bad2660",
                  "4b2d9a60-e9c2-e411-80e5-c4346bad2660",
                  "472d9a60-e9c2-e411-80e5-c4346bad2660",
                  "492d9a60-e9c2-e411-80e5-c4346bad2660",
                  "832d9a60-e9c2-e411-80e5-c4346bad2660",
                  "752d9a60-e9c2-e411-80e5-c4346bad2660",
                  "772d9a60-e9c2-e411-80e5-c4346bad2660",
                  "252d9a60-e9c2-e411-80e5-c4346bad2660",
                  "232d9a60-e9c2-e411-80e5-c4346bad2660",
                  "b449cbc2-2ee7-e611-8110-e0071b66bf01",
                  "b849cbc2-2ee7-e611-8110-e0071b66bf01",
                  "b049cbc2-2ee7-e611-8110-e0071b66bf01",
                  "b649cbc2-2ee7-e611-8110-e0071b66bf01",
                  "9b2d9a60-e9c2-e411-80e5-c4346bad2660",
                  "9dbb3301-57e9-eb11-bacb-000d3a33359a",
                  "58b9a158-d3c6-e411-80e1-c4346bad461c",
                  "552d9a60-e9c2-e411-80e5-c4346bad2660",
                  "352d9a60-e9c2-e411-80e5-c4346bad2660",
                  "372d9a60-e9c2-e411-80e5-c4346bad2660",
                  "312d9a60-e9c2-e411-80e5-c4346bad2660",
                  "2f2d9a60-e9c2-e411-80e5-c4346bad2660",
                  "392d9a60-e9c2-e411-80e5-c4346bad2660",
                  "332d9a60-e9c2-e411-80e5-c4346bad2660",
                  "f92c9a60-e9c2-e411-80e5-c4346bad2660",
                  "f72c9a60-e9c2-e411-80e5-c4346bad2660",
                  "f12c9a60-e9c2-e411-80e5-c4346bad2660",
                  "fb2c9a60-e9c2-e411-80e5-c4346bad2660",
                  "f52c9a60-e9c2-e411-80e5-c4346bad2660",
                  "f32c9a60-e9c2-e411-80e5-c4346bad2660",
                  "5b2d9a60-e9c2-e411-80e5-c4346bad2660",
                  "5d2d9a60-e9c2-e411-80e5-c4346bad2660",
                  "572d9a60-e9c2-e411-80e5-c4346bad2660",
                  "592d9a60-e9c2-e411-80e5-c4346bad2660",
                  "532d9a60-e9c2-e411-80e5-c4346bad2660",
                  "e52c9a60-e9c2-e411-80e5-c4346bad2660",
                  "fa37078b-eac2-e411-80e5-c4346bad2660",
                  "bc49cbc2-2ee7-e611-8110-e0071b66bf01",
                  "ba49cbc2-2ee7-e611-8110-e0071b66bf01",
                  "3f2d9a60-e9c2-e411-80e5-c4346bad2660",
                  "412d9a60-e9c2-e411-80e5-c4346bad2660",
                  "432d9a60-e9c2-e411-80e5-c4346bad2660",
                  "3d2d9a60-e9c2-e411-80e5-c4346bad2660",
                  "3b2d9a60-e9c2-e411-80e5-c4346bad2660",
                  "452d9a60-e9c2-e411-80e5-c4346bad2660",
                  "012d9a60-e9c2-e411-80e5-c4346bad2660",
                  "ff2c9a60-e9c2-e411-80e5-c4346bad2660",
                  "052d9a60-e9c2-e411-80e5-c4346bad2660",
                  "032d9a60-e9c2-e411-80e5-c4346bad2660",
                  "fd2c9a60-e9c2-e411-80e5-c4346bad2660",
                  "072d9a60-e9c2-e411-80e5-c4346bad2660",
                  "712d9a60-e9c2-e411-80e5-c4346bad2660",
                  "6f2d9a60-e9c2-e411-80e5-c4346bad2660",
                  "732d9a60-e9c2-e411-80e5-c4346bad2660",
                  "6b2d9a60-e9c2-e411-80e5-c4346bad2660",
                  "6d2d9a60-e9c2-e411-80e5-c4346bad2660",
                  "672d9a60-e9c2-e411-80e5-c4346bad2660",
                  "692d9a60-e9c2-e411-80e5-c4346bad2660",
                  "632d9a60-e9c2-e411-80e5-c4346bad2660",
                  "652d9a60-e9c2-e411-80e5-c4346bad2660",
                  "5f2d9a60-e9c2-e411-80e5-c4346bad2660",
                  "612d9a60-e9c2-e411-80e5-c4346bad2660",
                  "212d9a60-e9c2-e411-80e5-c4346bad2660"
                ]
              }
            ]
          }
        },
        "Initialize_Owners_Array": {
          "runAfter": {
            "Initialize_Origin_Array": [
              "Succeeded"
            ]
          },
          "metadata": {
            "operationMetadataId": "6330abc3-810b-4de6-b792-c53ca7a2deeb"
          },
          "type": "InitializeVariable",
          "inputs": {
            "variables": [
              {
                "name": "Owners",
                "type": "array",
                "value": [
                  "5f21a8fe-b30a-ec11-b6e6-00224808d158",
                  "84f032fb-f9d5-ec11-a7b5-000d3a3b969b",
                  "8374d121-98d7-ec11-a7b5-000d3a3b969b",
                  "8274d121-98d7-ec11-a7b5-000d3a3b969b",
                  "a08b1fbf-1cd6-ec11-a7b5-000d3a3b969b",
                  "6d047002-5ad2-ec11-a7b5-002248095e89",
                  "1ca72eaa-e8d2-ec11-a7b5-002248095e89",
                  "ea2afc3a-3bd8-ec11-a7b5-000d3a3b969b",
                  "ef00d3e4-5edc-ec11-a7b6-0022480a9be6",
                  "220c4aa2-b8db-ec11-a7b6-0022480a9be6",
                  "f000d3e4-5edc-ec11-a7b6-0022480a9be6",
                  "8174d121-98d7-ec11-a7b5-000d3a3b969b"
                ]
              }
            ]
          }
        },
        "Initialize_IsEscalatedRandom": {
          "runAfter": {
            "Initialize_StatusReason": [
              "Succeeded"
            ]
          },
          "metadata": {
            "operationMetadataId": "e19c4430-6d58-4a01-ac5b-62b692fad0f1"
          },
          "type": "InitializeVariable",
          "inputs": {
            "variables": [
              {
                "name": "IsEscalatedRandom",
                "type": "integer"
              }
            ]
          }
        },
        "Initialize_IsEscalated": {
          "runAfter": {
            "Initialize_IsEscalatedRandom": [
              "Succeeded"
            ]
          },
          "metadata": {
            "operationMetadataId": "5ae1fd97-6c4e-42f8-b5ea-4510bb72dca3"
          },
          "type": "InitializeVariable",
          "inputs": {
            "variables": [
              {
                "name": "IsEscalated",
                "type": "boolean"
              }
            ]
          }
        }
      }
    },
    "templateName": ""
  },
  "schemaVersion": "1.0.0.0"
}