{
  "properties": {
    "connectionReferences": {
      "shared_commondataserviceforapps": {
        "runtimeSource": "embedded",
        "connection": {
          "connectionReferenceLogicalName": "gi_sharedcommondataserviceforapps_1c12c"
        },
        "api": {
          "name": "shared_commondataserviceforapps"
        }
      },
      "shared_uiflow_1": {
        "runtimeSource": "embedded",
        "connection": {
          "connectionReferenceLogicalName": "new_shareduiflow_697cb"
        },
        "api": {
          "name": "shared_uiflow"
        }
      }
    },
    "definition": {
      "$schema": "https://schema.management.azure.com/providers/Microsoft.Logic/schemas/2016-06-01/workflowdefinition.json#",
      "contentVersion": "1.0.0.0",
      "parameters": {
        "$connections": {
          "defaultValue": {},
          "type": "Object"
        },
        "$authentication": {
          "defaultValue": {},
          "type": "SecureObject"
        }
      },
      "triggers": {
        "Recurrence": {
          "recurrence": {
            "frequency": "Day",
            "interval": 1,
            "startTime": "2023-01-04T07:00:00Z"
          },
          "metadata": {
            "operationMetadataId": "0829291d-42f6-4fe3-a616-d290f488152e"
          },
          "type": "Recurrence"
        }
      },
      "actions": {
        "List_rows": {
          "runAfter": {
            "Initialize_SurveyResponseType_Array": [
              "Succeeded"
            ]
          },
          "metadata": {
            "operationMetadataId": "90449800-bcf5-4baf-bdde-4fa915ec9189"
          },
          "type": "OpenApiConnection",
          "inputs": {
            "host": {
              "connectionName": "shared_commondataserviceforapps",
              "operationId": "ListRecords",
              "apiId": "/providers/Microsoft.PowerApps/apis/shared_commondataserviceforapps"
            },
            "parameters": {
              "entityName": "msfp_surveyinvites",
              "$filter": "msfp_sourcesurveyidentifier eq '8c--K8ifhUWtJ9C1VxhMj2QqlhrGEO9IhnjKOOE1aCZUQVFRTklIME1XMUExSU9BRUUyVk4wQ1o3WC4u' and statuscode eq 1 and msfp_invitestatus eq 647390002 and msfp_invitestatusreason eq 'EmailSent'",
              "$top": 75
            },
            "authentication": "@parameters('$authentication')"
          }
        },
        "Apply_to_each": {
          "foreach": "@outputs('List_rows')?['body/value']",
          "actions": {
            "Switch": {
              "runAfter": {},
              "cases": {
                "Case": {
                  "case": 1,
                  "actions": {
                    "Run_a_flow_built_with_Power_Automate_for_desktop_-_-_Response_Negatively": {
                      "runAfter": {},
                      "type": "OpenApiConnection",
                      "inputs": {
                        "host": {
                          "connectionName": "shared_uiflow_1",
                          "operationId": "RunUIFlow_V2",
                          "apiId": "/providers/Microsoft.PowerApps/apis/shared_uiflow"
                        },
                        "parameters": {
                          "uiFlowId": "4b3d68b8-bcc2-4b26-9816-56d654ee603c",
                          "runMode": "attended",
                          "item/surveyurl": "@items('Apply_to_each')?['msfp_surveyinvitationurl']"
                        },
                        "authentication": "@parameters('$authentication')"
                      }
                    }
                  }
                },
                "Case_2": {
                  "case": 2,
                  "actions": {
                    "Run_a_flow_built_with_Power_Automate_for_desktop_-_Response_Somewhat_Positive": {
                      "runAfter": {},
                      "type": "OpenApiConnection",
                      "inputs": {
                        "host": {
                          "connectionName": "shared_uiflow_1",
                          "operationId": "RunUIFlow_V2",
                          "apiId": "/providers/Microsoft.PowerApps/apis/shared_uiflow"
                        },
                        "parameters": {
                          "uiFlowId": "a41a72db-5ee7-442e-b559-7160f9ba9cff",
                          "runMode": "attended",
                          "item/surveyurl": "@items('Apply_to_each')?['msfp_surveyinvitationurl']"
                        },
                        "authentication": "@parameters('$authentication')"
                      }
                    }
                  }
                },
                "Case_3": {
                  "case": 3,
                  "actions": {
                    "Run_a_flow_built_with_Power_Automate_for_desktop_-_Response_Extremely_Positive": {
                      "runAfter": {},
                      "metadata": {
                        "operationMetadataId": "65d8a007-039f-4a69-b179-4131079939de"
                      },
                      "type": "OpenApiConnection",
                      "inputs": {
                        "host": {
                          "connectionName": "shared_uiflow_1",
                          "operationId": "RunUIFlow_V2",
                          "apiId": "/providers/Microsoft.PowerApps/apis/shared_uiflow"
                        },
                        "parameters": {
                          "uiFlowId": "629418e0-a32a-47e7-9933-1fa3b6e61248",
                          "runMode": "attended",
                          "item/surveyurl": "@items('Apply_to_each')?['msfp_surveyinvitationurl']"
                        },
                        "authentication": "@parameters('$authentication')"
                      }
                    }
                  }
                }
              },
              "default": {
                "actions": {
                  "Run_a_flow_built_with_Power_Automate_for_desktop_2": {
                    "runAfter": {},
                    "type": "OpenApiConnection",
                    "inputs": {
                      "host": {
                        "connectionName": "shared_uiflow_1",
                        "operationId": "RunUIFlow_V2",
                        "apiId": "/providers/Microsoft.PowerApps/apis/shared_uiflow"
                      },
                      "parameters": {
                        "uiFlowId": "629418e0-a32a-47e7-9933-1fa3b6e61248",
                        "runMode": "attended",
                        "item/surveyurl": "@items('Apply_to_each')?['msfp_surveyinvitationurl']"
                      },
                      "authentication": "@parameters('$authentication')"
                    }
                  }
                }
              },
              "expression": "@variables('SurveyResponseType')[rand(0,length(variables('SurveyResponseType')))]",
              "metadata": {
                "operationMetadataId": "f8c9fba8-89ca-47f5-9f08-447dcb8b1627"
              },
              "type": "Switch"
            }
          },
          "runAfter": {
            "List_rows": [
              "Succeeded"
            ]
          },
          "metadata": {
            "operationMetadataId": "4c417a80-c728-4ee2-8d87-89d09f58ed09"
          },
          "type": "Foreach"
        },
        "Initialize_SurveyResponseType_Array": {
          "runAfter": {},
          "metadata": {
            "operationMetadataId": "9671cd71-0cfa-4c50-9fc2-8e41400cbe59"
          },
          "type": "InitializeVariable",
          "inputs": {
            "variables": [
              {
                "name": "SurveyResponseType",
                "type": "array",
                "value": [
                  1,
                  2,
                  2,
                  2,
                  2,
                  3,
                  3,
                  3,
                  3,
                  3
                ]
              }
            ]
          }
        }
      }
    },
    "templateName": ""
  },
  "schemaVersion": "1.0.0.0"
}