{
  "properties": {
    "connectionReferences": {
      "shared_commondataserviceforapps": {
        "runtimeSource": "embedded",
        "connection": {
          "connectionReferenceLogicalName": "gi_sharedcommondataserviceforapps_1c12c"
        },
        "api": {
          "name": "shared_commondataserviceforapps"
        }
      }
    },
    "definition": {
      "$schema": "https://schema.management.azure.com/providers/Microsoft.Logic/schemas/2016-06-01/workflowdefinition.json#",
      "contentVersion": "1.0.0.0",
      "parameters": {
        "$connections": {
          "defaultValue": {},
          "type": "Object"
        },
        "$authentication": {
          "defaultValue": {},
          "type": "SecureObject"
        }
      },
      "triggers": {
        "Recurrence": {
          "recurrence": {
            "frequency": "Week",
            "interval": 1,
            "timeZone": "Pacific Standard Time",
            "startTime": "2022-12-28T18:00:00Z",
            "schedule": {
              "weekDays": [
                "Monday",
                "Tuesday",
                "Wednesday",
                "Thursday",
                "Friday",
                "Saturday",
                "Sunday"
              ],
              "hours": [
                "12",
                "18",
                "15",
                "21"
              ],
              "minutes": [
                45
              ]
            }
          },
          "metadata": {
            "operationMetadataId": "7e8ab061-9824-4917-bfcb-3753a26edc22"
          },
          "type": "Recurrence"
        }
      },
      "actions": {
        "List_rows": {
          "runAfter": {
            "Initialize_NumberCasesToResolve": [
              "Succeeded"
            ]
          },
          "metadata": {
            "operationMetadataId": "7cb17fdb-003d-4299-8a30-3ce275bcc425"
          },
          "type": "OpenApiConnection",
          "inputs": {
            "host": {
              "connectionName": "shared_commondataserviceforapps",
              "operationId": "ListRecords",
              "apiId": "/providers/Microsoft.PowerApps/apis/shared_commondataserviceforapps"
            },
            "parameters": {
              "entityName": "incidents",
              "$filter": "cr682_demodatasimulator eq true and statecode eq 0",
              "$orderby": "createdon desc",
              "$top": "@variables('NumberCasesToResolve')"
            },
            "authentication": "@parameters('$authentication')"
          }
        },
        "Initialize_NumberCasesToResolve": {
          "runAfter": {
            "Initialize_StatusReason": [
              "Succeeded"
            ]
          },
          "metadata": {
            "operationMetadataId": "9bcefb19-ebb1-4944-a7bd-0e7cb284d1ab"
          },
          "type": "InitializeVariable",
          "inputs": {
            "variables": [
              {
                "name": "NumberCasesToResolve",
                "type": "integer",
                "value": "@rand(65,80)"
              }
            ]
          }
        },
        "Apply_to_each": {
          "foreach": "@outputs('List_rows')?['body/value']",
          "actions": {
            "Set_Status": {
              "runAfter": {},
              "metadata": {
                "operationMetadataId": "0e0e80fe-cc33-42ec-b49d-0133f9c9b868"
              },
              "type": "SetVariable",
              "inputs": {
                "name": "Status",
                "value": "@variables('StatusValues')[rand(0,length(variables('StatusValues')))]"
              }
            },
            "Condition": {
              "actions": {
                "Set_StatusReason_for_Resolved": {
                  "runAfter": {},
                  "metadata": {
                    "operationMetadataId": "9eb7b4e4-3230-4d1a-b5ff-38ccbfd8f4cb"
                  },
                  "type": "SetVariable",
                  "inputs": {
                    "name": "StatusReason",
                    "value": "@variables('StatusReasonResolvedValues')[rand(0,length(variables('StatusReasonResolvedValues')))]"
                  }
                },
                "Update_Case_-_Resolved": {
                  "runAfter": {
                    "Set_StatusReason_for_Resolved": [
                      "Succeeded"
                    ]
                  },
                  "metadata": {
                    "operationMetadataId": "697a9d5a-2bac-4453-ae8e-8a9c95fdca4d"
                  },
                  "type": "OpenApiConnection",
                  "inputs": {
                    "host": {
                      "connectionName": "shared_commondataserviceforapps",
                      "operationId": "UpdateRecord",
                      "apiId": "/providers/Microsoft.PowerApps/apis/shared_commondataserviceforapps"
                    },
                    "parameters": {
                      "entityName": "incidents",
                      "recordId": "@items('Apply_to_each')?['incidentid']",
                      "item/adx_resolution": "@variables('Resolutions')[rand(0,length(variables('Resolutions')))]",
                      "item/customersatisfactioncode": "@variables('Satisfactions')[rand(0,length(variables('Satisfactions')))]"
                    },
                    "authentication": "@parameters('$authentication')"
                  }
                },
                "Update_Case_Status_to_Resolved_via_Workflow": {
                  "runAfter": {
                    "Update_Case_-_Resolved": [
                      "Succeeded"
                    ]
                  },
                  "metadata": {
                    "operationMetadataId": "6ca94d7f-fc53-4121-8ec5-b9e068203574"
                  },
                  "type": "OpenApiConnection",
                  "inputs": {
                    "host": {
                      "connectionName": "shared_commondataserviceforapps",
                      "operationId": "PerformBoundAction",
                      "apiId": "/providers/Microsoft.PowerApps/apis/shared_commondataserviceforapps"
                    },
                    "parameters": {
                      "entityName": "incidents",
                      "actionName": "Microsoft.Dynamics.CRM.new_CaseResolve",
                      "recordId": "@outputs('Update_Case_-_Resolved')?['body/incidentid']"
                    },
                    "authentication": "@parameters('$authentication')"
                  }
                }
              },
              "runAfter": {
                "Set_Status": [
                  "Succeeded"
                ]
              },
              "else": {
                "actions": {
                  "Set_StatusReason_for_Cancelled": {
                    "runAfter": {},
                    "metadata": {
                      "operationMetadataId": "b6a4108b-2a5a-4911-b4a7-3b8bc3c5ae3c"
                    },
                    "type": "SetVariable",
                    "inputs": {
                      "name": "StatusReason",
                      "value": 6
                    }
                  },
                  "Update_Case_-_Cancelled": {
                    "runAfter": {
                      "Set_StatusReason_for_Cancelled": [
                        "Succeeded"
                      ]
                    },
                    "metadata": {
                      "operationMetadataId": "45961433-3ebc-49ef-a2f1-43b0728d3860"
                    },
                    "type": "OpenApiConnection",
                    "inputs": {
                      "host": {
                        "connectionName": "shared_commondataserviceforapps",
                        "operationId": "UpdateRecord",
                        "apiId": "/providers/Microsoft.PowerApps/apis/shared_commondataserviceforapps"
                      },
                      "parameters": {
                        "entityName": "incidents",
                        "recordId": "@items('Apply_to_each')?['incidentid']",
                        "item/customersatisfactioncode": "@variables('Satisfactions')[rand(0,length(variables('Satisfactions')))]"
                      },
                      "authentication": "@parameters('$authentication')"
                    }
                  },
                  "Update_Case_Status_to_Cancelled_via_Workflow": {
                    "runAfter": {
                      "Update_Case_-_Cancelled": [
                        "Succeeded"
                      ]
                    },
                    "metadata": {
                      "operationMetadataId": "b6b072f0-a6fe-43b5-9bf3-07a28285d9be"
                    },
                    "type": "OpenApiConnection",
                    "inputs": {
                      "host": {
                        "connectionName": "shared_commondataserviceforapps",
                        "operationId": "PerformBoundAction",
                        "apiId": "/providers/Microsoft.PowerApps/apis/shared_commondataserviceforapps"
                      },
                      "parameters": {
                        "entityName": "incidents",
                        "actionName": "Microsoft.Dynamics.CRM.new_CaseCancel",
                        "recordId": "@outputs('Update_Case_-_Cancelled')?['body/incidentid']"
                      },
                      "authentication": "@parameters('$authentication')"
                    }
                  }
                }
              },
              "expression": {
                "equals": [
                  "@variables('Status')",
                  1
                ]
              },
              "metadata": {
                "operationMetadataId": "0c8fc3df-6219-4913-a7e4-114cf3bee9b2"
              },
              "type": "If"
            }
          },
          "runAfter": {
            "List_rows": [
              "Succeeded"
            ]
          },
          "metadata": {
            "operationMetadataId": "2731ecff-7053-4eeb-8f29-b2dd8749332d"
          },
          "type": "Foreach"
        },
        "Initialize_Resolutions_Array": {
          "runAfter": {},
          "metadata": {
            "operationMetadataId": "7084ebce-10c4-4b1e-8aad-9dbd69e04fdd"
          },
          "type": "InitializeVariable",
          "inputs": {
            "variables": [
              {
                "name": "Resolutions",
                "type": "array",
                "value": [
                  "Customer used FAQs and Self Service to resolve.",
                  "Was able to provide information to customer that they were asking for.",
                  "Had to help customer clear up their profile in the self service system.",
                  "On shift manager was able to offer up a coupon for their next purchase.",
                  "Was able to help customer with the situation by co-browsing and showing them how to perform transaction",
                  "Customer said that they recieved the order and wanted to cancel the case",
                  "Customer was able out how to use the online sytem to lookup information themselves",
                  "Customer used online KB to get their resolution",
                  "Informed customer shipment is on the way and will follow up next week",
                  "Deleted information per the customers request and will provide records to customer",
                  "Provided warranty policy to the customer and customer will call back if they want to proceed",
                  "Provided customer info on loyalty program",
                  "Provided customer info on data retention policy",
                  "Troubleshooting of ordering and checkout screen with co-browse"
                ]
              }
            ]
          }
        },
        "Initialize_Satisfactions_Array": {
          "runAfter": {
            "Initialize_Resolutions_Array": [
              "Succeeded"
            ]
          },
          "metadata": {
            "operationMetadataId": "5ab63434-e5e7-4b8a-b28d-d4aef1c838c2"
          },
          "type": "InitializeVariable",
          "inputs": {
            "variables": [
              {
                "name": "Satisfactions",
                "type": "array",
                "value": [
                  5,
                  5,
                  5,
                  5,
                  4,
                  4,
                  4,
                  4,
                  4,
                  3,
                  3,
                  3,
                  2,
                  2,
                  1
                ]
              }
            ]
          }
        },
        "Initialize_StatusValues_Array": {
          "runAfter": {
            "Initialize_KBArticles_Array": [
              "Succeeded"
            ]
          },
          "metadata": {
            "operationMetadataId": "7be49012-6ab1-4039-9238-0fed33d20218"
          },
          "type": "InitializeVariable",
          "inputs": {
            "variables": [
              {
                "name": "StatusValues",
                "type": "array",
                "value": [
                  1,
                  1,
                  1,
                  1,
                  1,
                  1,
                  1,
                  1,
                  1,
                  1,
                  1,
                  1,
                  2
                ]
              }
            ]
          }
        },
        "Initialize_Status": {
          "runAfter": {
            "Initialize_StatusValues_Array": [
              "Succeeded"
            ]
          },
          "metadata": {
            "operationMetadataId": "0da6be81-a123-495f-a096-796a3f1bcb7b"
          },
          "type": "InitializeVariable",
          "inputs": {
            "variables": [
              {
                "name": "Status",
                "type": "integer"
              }
            ]
          }
        },
        "Initialize_StatusReasonResolvedValues_Array": {
          "runAfter": {
            "Initialize_Status": [
              "Succeeded"
            ]
          },
          "metadata": {
            "operationMetadataId": "8e3930e7-7efa-470c-aacb-c63b0406b658"
          },
          "type": "InitializeVariable",
          "inputs": {
            "variables": [
              {
                "name": "StatusReasonResolvedValues",
                "type": "array",
                "value": [
                  5,
                  1000
                ]
              }
            ]
          }
        },
        "Initialize_KBArticles_Array": {
          "runAfter": {
            "Initialize_Satisfactions_Array": [
              "Succeeded"
            ]
          },
          "metadata": {
            "operationMetadataId": "4eb6f1fd-36db-4698-bf5c-c46fca4932e2"
          },
          "type": "InitializeVariable",
          "inputs": {
            "variables": [
              {
                "name": "KBArticles",
                "type": "array",
                "value": [
                  "c5bc3301-57e9-eb11-bacb-000d3a33359a",
                  "cd2ef936-7fda-4f9d-9f16-01db6da70059",
                  "b7fdc445-81f7-4e0b-abac-95116ed644a1",
                  "b5bc3301-57e9-eb11-bacb-000d3a33359a",
                  "b3bc3301-57e9-eb11-bacb-000d3a33359a",
                  "bfbc3301-57e9-eb11-bacb-000d3a33359a",
                  "db0ea589-578a-4689-b005-97efbfb63677",
                  "ebb53de0-3d0c-4582-8be1-c0e5e8fb94c8",
                  "72c7deed-c998-4974-b226-c0408603a93e",
                  "308ca56a-c42d-e611-80e7-5065f38a0a31",
                  "70d5ea4b-de3a-417b-860c-ec44b6b6cbef",
                  "99d4e63d-c939-ed11-9db0-0022480b38aa",
                  "c6478942-5a80-423a-bade-37e5d87596d8",
                  "824f7145-45e2-420f-ab78-a6fe8ac9ee52"
                ]
              }
            ]
          }
        },
        "Initialize_StatusReason": {
          "runAfter": {
            "Initialize_StatusReasonResolvedValues_Array": [
              "Succeeded"
            ]
          },
          "metadata": {
            "operationMetadataId": "3c854980-60f7-4b30-a0c5-c8baaa5170c6"
          },
          "type": "InitializeVariable",
          "inputs": {
            "variables": [
              {
                "name": "StatusReason",
                "type": "integer"
              }
            ]
          }
        }
      }
    },
    "templateName": ""
  },
  "schemaVersion": "1.0.0.0"
}