<ImportExportXml xmlns:xsi="http://www.w3.org/2001/XMLSchema-instance">
  <Entities></Entities>
  <Roles></Roles>
  <Workflows>
    <Workflow WorkflowId="{629418e0-a32a-47e7-9933-1fa3b6e61248}" Name="Case Data Simulator - Take Survey - Extremely Positive">
      <JsonFileName>/Workflows/CaseDataSimulator-TakeSurvey-ExtremelyPositive-629418E0-A32A-47E7-9933-1FA3B6E61248.json</JsonFileName>
      <Type>1</Type>
      <Subprocess>0</Subprocess>
      <Category>6</Category>
      <Mode>0</Mode>
      <Scope>4</Scope>
      <OnDemand>0</OnDemand>
      <TriggerOnCreate>0</TriggerOnCreate>
      <TriggerOnDelete>0</TriggerOnDelete>
      <AsyncAutodelete>0</AsyncAutodelete>
      <SyncWorkflowLogOnFailure>0</SyncWorkflowLogOnFailure>
      <StateCode>1</StateCode>
      <StatusCode>2</StatusCode>
      <RunAs>1</RunAs>
      <IsTransacted>1</IsTransacted>
      <IntroducedVersion>1.0</IntroducedVersion>
      <IsCustomizable>1</IsCustomizable>
      <BusinessProcessType>0</BusinessProcessType>
      <UIFlowType>2</UIFlowType>
      <IsCustomProcessingStepAllowedForOtherPublishers>1</IsCustomProcessingStepAllowedForOtherPublishers>
      <Metadata>{"isvalid":true,"schemaVersion":"ROBIN_20211012","containsActiveConnections":false}</Metadata>
      <Inputs>{"schema":{"properties":{"surveyurl":{"default":"","description":"URL of the customer voice survey to open","format":null,"title":"surveyurl","type":"string","value":""}},"type":"object"}}</Inputs>
      <Outputs>{"schema":null}</Outputs>
      <Dependencies>{"childFlows":[]}</Dependencies>
      <ConnectionReferences>[]</ConnectionReferences>
      <Definition>"@@ConnectionString: ''\r\n@@Type: 'Local'\r\n@@DesktopType: 'local'\r\n@@DisplayName: 'Local computer'\r\nIMPORT 'controlRepo.appmask' AS appmask\r\nIMPORT 'imageRepo.imgrepo' AS imgrepo\r\n@SENSITIVE: []\r\n@INPUT surveyurl : { 'Description': 'URL of the customer voice survey to open', 'FriendlyName': 'surveyurl', 'DefaultValue': '', 'Type': 'String' } \r\nWebAutomation.LaunchEdge.LaunchEdge Url: surveyurl WindowState: WebAutomation.BrowserWindowState.Maximized ClearCache: False ClearCookies: False WaitForPageToLoadTimeout: 60 Timeout: 60 BrowserInstance=&gt; Browser\r\nWAIT 3\r\nWebAutomation.ExecuteJavascript BrowserInstance: Browser Javascript: $'''function ExecuteScript() { \r\n\r\ndocument.querySelector(\\\"#form-container &gt; div &gt; div &gt; div.office-form-content.office-form-page-padding-preview &gt; div &gt; div.office-form.office-form-theme-shadow &gt; div.office-form-body &gt; div:nth-child(2) &gt; div:nth-child(1) &gt; div.office-form-question-content.office-form-theme-focus-border &gt; div.office-form-question-element &gt; div &gt; div &gt; table &gt; tbody &gt; tr &gt; td:nth-child(11) &gt; div &gt; label &gt; span\\\").click();\r\n\r\ndocument.querySelector(\\\"#form-container &gt; div &gt; div &gt; div.office-form-content.office-form-page-padding-preview &gt; div &gt; div.office-form.office-form-theme-shadow &gt; div.office-form-body &gt; div:nth-child(2) &gt; div:nth-child(1) &gt; div.office-form-question-content.office-form-theme-focus-border &gt; div.office-form-question-element &gt; div &gt; div &gt; table &gt; tbody &gt; tr &gt; td:nth-child(11) &gt; div &gt; label &gt; span\\\").click();\r\n\r\ndocument.querySelector(\\\"#ratingAccessibilityLabel\\\\\\\\.5-number-rating-5\\\").click();\r\n\r\n//document.querySelector(\\\"#form-container &gt; div &gt; div &gt; div.office-form-content.office-form-page-padding-preview &gt; div &gt; div.office-form.office-form-theme-shadow &gt; div.office-form-body &gt; div:nth-child(2) &gt; div:nth-child(3) &gt; div.office-form-question-content.office-form-theme-focus-border &gt; div.office-form-question-element &gt; div &gt; div &gt; div &gt; textarea\\\").value = \\'The service was amazing. Thank you so much for getting this right. I will definitely be coming back for my next order.\\';\r\n\r\n}''' Result=&gt; Result2\r\nWAIT 2\r\nWebAutomation.PopulateTextField.PopulateTextFieldUsePhysicalKeyboard BrowserInstance: Browser Control: appmask['Web Page \\'h ... W8SwgJQ%3d\\'']['Text area \\' ...  border-no-radius\\''] Text: $'''The service was amazing. Thank you so much for getting this right. I will definitely be coming back for my next order.''' Mode: WebAutomation.PopulateTextMode.Replace UnfocusAfterPopulate: False WaitForPageToLoadTimeout: 60\r\nWAIT 1\r\nWebAutomation.ExecuteJavascript BrowserInstance: Browser Javascript: $'''function ExecuteScript() \r\n{\r\ndocument.querySelector(\\\"#form-container &gt; div &gt; div &gt; div.office-form-content.office-form-page-padding-preview &gt; div &gt; div.office-form.office-form-theme-shadow &gt; div.office-form-body &gt; div.office-form-navigation-container &gt; div &gt; div &gt; button\\\").click();\r\n}''' Result=&gt; Result\r\nWAIT 8\r\nWebAutomation.CloseWebBrowser BrowserInstance: Browser\r\n"</Definition>
      <SchemaVersion>2022.06</SchemaVersion>
      <PrimaryEntity>none</PrimaryEntity>
      <LocalizedNames>
        <LocalizedName languagecode="1033" description="Case Data Simulator - Take Survey - Extremely Positive" />
      </LocalizedNames>
    </Workflow>
    <Workflow WorkflowId="{a41a72db-5ee7-442e-b559-7160f9ba9cff}" Name="Case Data Simulator - Take Survey - Somewhat Positive">
      <JsonFileName>/Workflows/CaseDataSimulator-TakeSurvey-SomewhatPositive-A41A72DB-5EE7-442E-B559-7160F9BA9CFF.json</JsonFileName>
      <Type>1</Type>
      <Subprocess>0</Subprocess>
      <Category>6</Category>
      <Mode>0</Mode>
      <Scope>4</Scope>
      <OnDemand>0</OnDemand>
      <TriggerOnCreate>0</TriggerOnCreate>
      <TriggerOnDelete>0</TriggerOnDelete>
      <AsyncAutodelete>0</AsyncAutodelete>
      <SyncWorkflowLogOnFailure>0</SyncWorkflowLogOnFailure>
      <StateCode>1</StateCode>
      <StatusCode>2</StatusCode>
      <RunAs>1</RunAs>
      <IsTransacted>1</IsTransacted>
      <IntroducedVersion>1.0</IntroducedVersion>
      <IsCustomizable>1</IsCustomizable>
      <BusinessProcessType>0</BusinessProcessType>
      <UIFlowType>2</UIFlowType>
      <IsCustomProcessingStepAllowedForOtherPublishers>1</IsCustomProcessingStepAllowedForOtherPublishers>
      <Metadata>{"isvalid":true,"schemaVersion":"ROBIN_20211012","containsActiveConnections":false}</Metadata>
      <Inputs>{"schema":{"properties":{"surveyurl":{"default":"","description":"URL of the customer voice survey to open","format":null,"title":"surveyurl","type":"string","value":"https://ncv.microsoft.com/6yFdSSaHk6"}},"type":"object"}}</Inputs>
      <Outputs>{"schema":null}</Outputs>
      <Dependencies>{"childFlows":[]}</Dependencies>
      <ConnectionReferences>[]</ConnectionReferences>
      <Definition>"@@ConnectionString: ''\r\n@@Type: 'Local'\r\n@@DesktopType: 'local'\r\n@@DisplayName: 'Local computer'\r\nIMPORT 'controlRepo.appmask' AS appmask\r\nIMPORT 'imageRepo.imgrepo' AS imgrepo\r\n@SENSITIVE: []\r\n@INPUT surveyurl : { 'Description': 'URL of the customer voice survey to open', 'FriendlyName': 'surveyurl', 'DefaultValue': 'https://ncv.microsoft.com/6yFdSSaHk6', 'Type': 'String' } \r\nWebAutomation.LaunchEdge.LaunchEdge Url: surveyurl WindowState: WebAutomation.BrowserWindowState.Maximized ClearCache: False ClearCookies: False WaitForPageToLoadTimeout: 60 Timeout: 60 BrowserInstance=&gt; Browser\r\nWAIT 3\r\nWebAutomation.ExecuteJavascript BrowserInstance: Browser Javascript: $'''function ExecuteScript() \r\n{\r\ndocument.querySelector(\\\"#form-container &gt; div &gt; div &gt; div.office-form-content.office-form-page-padding-preview &gt; div &gt; div.office-form.office-form-theme-shadow &gt; div.office-form-body &gt; div:nth-child(2) &gt; div:nth-child(1) &gt; div.office-form-question-content.office-form-theme-focus-border &gt; div.office-form-question-element &gt; div &gt; div &gt; table &gt; tbody &gt; tr &gt; td:nth-child(9) &gt; div &gt; label &gt; span\\\").click();\r\ndocument.querySelector(\\\"#ratingAccessibilityLabel\\\\\\\\.5-number-rating-4\\\").click();\r\n}''' Result=&gt; Result\r\nWAIT 2\r\nWebAutomation.PopulateTextField.PopulateTextFieldUsePhysicalKeyboard BrowserInstance: Browser Control: appmask['Web Page \\'h ... W8SwgJQ%3d\\'']['Text area \\' ...  border-no-radius\\''] Text: $'''Overall I am pleased with the service and look forward to ordering again.''' Mode: WebAutomation.PopulateTextMode.Replace UnfocusAfterPopulate: False WaitForPageToLoadTimeout: 60\r\nWAIT 1\r\nWebAutomation.ExecuteJavascript BrowserInstance: Browser Javascript: $'''function ExecuteScript() \r\n{\r\ndocument.querySelector(\\\"#form-container &gt; div &gt; div &gt; div.office-form-content.office-form-page-padding-preview &gt; div &gt; div.office-form.office-form-theme-shadow &gt; div.office-form-body &gt; div.office-form-navigation-container &gt; div &gt; div &gt; button\\\").click();\r\n}''' Result=&gt; Result2\r\nWAIT 8\r\nWebAutomation.CloseWebBrowser BrowserInstance: Browser\r\n"</Definition>
      <SchemaVersion>2022.06</SchemaVersion>
      <PrimaryEntity>none</PrimaryEntity>
      <LocalizedNames>
        <LocalizedName languagecode="1033" description="Case Data Simulator - Take Survey - Somewhat Positive" />
      </LocalizedNames>
    </Workflow>
    <Workflow WorkflowId="{4b3d68b8-bcc2-4b26-9816-56d654ee603c}" Name="Case Data Simulator - Take Survey - Negative">
      <JsonFileName>/Workflows/CaseDataSimulator-TakeSurvey-Negative-4B3D68B8-BCC2-4B26-9816-56D654EE603C.json</JsonFileName>
      <Type>1</Type>
      <Subprocess>0</Subprocess>
      <Category>6</Category>
      <Mode>0</Mode>
      <Scope>4</Scope>
      <OnDemand>0</OnDemand>
      <TriggerOnCreate>0</TriggerOnCreate>
      <TriggerOnDelete>0</TriggerOnDelete>
      <AsyncAutodelete>0</AsyncAutodelete>
      <SyncWorkflowLogOnFailure>0</SyncWorkflowLogOnFailure>
      <StateCode>1</StateCode>
      <StatusCode>2</StatusCode>
      <RunAs>1</RunAs>
      <IsTransacted>1</IsTransacted>
      <IntroducedVersion>1.0</IntroducedVersion>
      <IsCustomizable>1</IsCustomizable>
      <BusinessProcessType>0</BusinessProcessType>
      <UIFlowType>2</UIFlowType>
      <IsCustomProcessingStepAllowedForOtherPublishers>1</IsCustomProcessingStepAllowedForOtherPublishers>
      <Metadata>{"isvalid":true,"schemaVersion":"ROBIN_20211012","containsActiveConnections":false}</Metadata>
      <Inputs>{"schema":{"properties":{"surveyurl":{"default":"","description":"URL of the customer voice survey to open","format":null,"title":"surveyurl","type":"string","value":"https://ncv.microsoft.com/gKrzvWR726"}},"type":"object"}}</Inputs>
      <Outputs>{"schema":null}</Outputs>
      <Dependencies>{"childFlows":[]}</Dependencies>
      <ConnectionReferences>[]</ConnectionReferences>
      <Definition>"@@ConnectionString: ''\r\n@@Type: 'Local'\r\n@@DesktopType: 'local'\r\n@@DisplayName: 'Local computer'\r\nIMPORT 'controlRepo.appmask' AS appmask\r\nIMPORT 'imageRepo.imgrepo' AS imgrepo\r\n@SENSITIVE: []\r\n@INPUT surveyurl : { 'Description': 'URL of the customer voice survey to open', 'FriendlyName': 'surveyurl', 'DefaultValue': 'https://ncv.microsoft.com/gKrzvWR726', 'Type': 'String' } \r\nWebAutomation.LaunchEdge.LaunchEdge Url: surveyurl WindowState: WebAutomation.BrowserWindowState.Maximized ClearCache: False ClearCookies: False WaitForPageToLoadTimeout: 60 Timeout: 60 BrowserInstance=&gt; Browser\r\nWAIT 3\r\nWebAutomation.ExecuteJavascript BrowserInstance: Browser Javascript: $'''function ExecuteScript() \r\n{\r\ndocument.querySelector(\\\"#form-container &gt; div &gt; div &gt; div.office-form-content.office-form-page-padding-preview &gt; div &gt; div.office-form.office-form-theme-shadow &gt; div.office-form-body &gt; div:nth-child(2) &gt; div:nth-child(1) &gt; div.office-form-question-content.office-form-theme-focus-border &gt; div.office-form-question-element &gt; div &gt; div &gt; table &gt; tbody &gt; tr &gt; td:nth-child(3) &gt; div &gt; label &gt; span\\\").click();\r\ndocument.querySelector(\\\"#ratingAccessibilityLabel\\\\\\\\.5-number-rating-1\\\").click();\r\n}''' Result=&gt; Result\r\nWAIT 2\r\nWebAutomation.PopulateTextField.PopulateTextFieldUsePhysicalKeyboard BrowserInstance: Browser Control: appmask['Web Page \\'h ... W8SwgJQ%3d\\'']['Text area \\' ...  border-no-radius\\''] Text: $'''I still have not received my order and now I am upset and angry. I will not be ordering again.''' Mode: WebAutomation.PopulateTextMode.Replace UnfocusAfterPopulate: False WaitForPageToLoadTimeout: 60\r\nWAIT 1\r\nWebAutomation.ExecuteJavascript BrowserInstance: Browser Javascript: $'''function ExecuteScript() { \r\n\r\ndocument.querySelector(\\\"#form-container &gt; div &gt; div &gt; div.office-form-content.office-form-page-padding-preview &gt; div &gt; div.office-form.office-form-theme-shadow &gt; div.office-form-body &gt; div.office-form-navigation-container &gt; div &gt; div &gt; button\\\").click();\r\n\r\n}''' Result=&gt; Result2\r\nWAIT 8\r\nWebAutomation.CloseWebBrowser BrowserInstance: Browser\r\n"</Definition>
      <SchemaVersion>2022.06</SchemaVersion>
      <PrimaryEntity>none</PrimaryEntity>
      <LocalizedNames>
        <LocalizedName languagecode="1033" description="Case Data Simulator - Take Survey - Negative" />
      </LocalizedNames>
    </Workflow>
    <Workflow WorkflowId="{94a71ab0-cfae-ed11-aad1-6045bd006076}" Name="Case Data Simulator - Take Surveys">
      <JsonFileName>/Workflows/CaseDataSimulator-TakeSurveys-94A71AB0-CFAE-ED11-AAD1-6045BD006076.json</JsonFileName>
      <Type>1</Type>
      <Subprocess>0</Subprocess>
      <Category>5</Category>
      <Mode>0</Mode>
      <Scope>4</Scope>
      <OnDemand>0</OnDemand>
      <TriggerOnCreate>0</TriggerOnCreate>
      <TriggerOnDelete>0</TriggerOnDelete>
      <AsyncAutodelete>0</AsyncAutodelete>
      <SyncWorkflowLogOnFailure>0</SyncWorkflowLogOnFailure>
      <StateCode>0</StateCode>
      <StatusCode>1</StatusCode>
      <RunAs>1</RunAs>
      <IsTransacted>1</IsTransacted>
      <IntroducedVersion>1.0.0.0</IntroducedVersion>
      <IsCustomizable>1</IsCustomizable>
      <BusinessProcessType>0</BusinessProcessType>
      <IsCustomProcessingStepAllowedForOtherPublishers>1</IsCustomProcessingStepAllowedForOtherPublishers>
      <PrimaryEntity>none</PrimaryEntity>
      <LocalizedNames>
        <LocalizedName languagecode="1033" description="Case Data Simulator - Take Surveys" />
      </LocalizedNames>
    </Workflow>
    <Workflow WorkflowId="{92a71ab0-cfae-ed11-aad1-6045bd006076}" Name="Case Data Simulator - Resolve Cases">
      <JsonFileName>/Workflows/CaseDataSimulator-ResolveCases-92A71AB0-CFAE-ED11-AAD1-6045BD006076.json</JsonFileName>
      <Type>1</Type>
      <Subprocess>0</Subprocess>
      <Category>5</Category>
      <Mode>0</Mode>
      <Scope>4</Scope>
      <OnDemand>0</OnDemand>
      <TriggerOnCreate>0</TriggerOnCreate>
      <TriggerOnDelete>0</TriggerOnDelete>
      <AsyncAutodelete>0</AsyncAutodelete>
      <SyncWorkflowLogOnFailure>0</SyncWorkflowLogOnFailure>
      <StateCode>1</StateCode>
      <StatusCode>2</StatusCode>
      <RunAs>1</RunAs>
      <IsTransacted>1</IsTransacted>
      <IntroducedVersion>1.0.0.0</IntroducedVersion>
      <IsCustomizable>1</IsCustomizable>
      <BusinessProcessType>0</BusinessProcessType>
      <IsCustomProcessingStepAllowedForOtherPublishers>1</IsCustomProcessingStepAllowedForOtherPublishers>
      <PrimaryEntity>none</PrimaryEntity>
      <LocalizedNames>
        <LocalizedName languagecode="1033" description="Case Data Simulator - Resolve Cases" />
      </LocalizedNames>
    </Workflow>
    <Workflow WorkflowId="{93a71ab0-cfae-ed11-aad1-6045bd006076}" Name="Case Data Simulator - Create New Cases Each Business Hour">
      <JsonFileName>/Workflows/CaseDataSimulator-CreateNewCasesEachBusinessHour-93A71AB0-CFAE-ED11-AAD1-6045BD006076.json</JsonFileName>
      <Type>1</Type>
      <Subprocess>0</Subprocess>
      <Category>5</Category>
      <Mode>0</Mode>
      <Scope>4</Scope>
      <OnDemand>0</OnDemand>
      <TriggerOnCreate>0</TriggerOnCreate>
      <TriggerOnDelete>0</TriggerOnDelete>
      <AsyncAutodelete>0</AsyncAutodelete>
      <SyncWorkflowLogOnFailure>0</SyncWorkflowLogOnFailure>
      <StateCode>1</StateCode>
      <StatusCode>2</StatusCode>
      <RunAs>1</RunAs>
      <IsTransacted>1</IsTransacted>
      <IntroducedVersion>1.0.0.0</IntroducedVersion>
      <IsCustomizable>1</IsCustomizable>
      <BusinessProcessType>0</BusinessProcessType>
      <IsCustomProcessingStepAllowedForOtherPublishers>1</IsCustomProcessingStepAllowedForOtherPublishers>
      <PrimaryEntity>none</PrimaryEntity>
      <LocalizedNames>
        <LocalizedName languagecode="1033" description="Case Data Simulator - Create New Cases Each Business Hour" />
      </LocalizedNames>
    </Workflow>
  </Workflows>
  <FieldSecurityProfiles></FieldSecurityProfiles>
  <Templates />
  <EntityMaps />
  <EntityRelationships />
  <OrganizationSettings />
  <optionsets />
  <CustomControls />
  <EntityDataProviders />
  <Languages>
    <Language>1033</Language>
  </Languages>
</ImportExportXml>