<ImportExportXml version="9.2.23012.180" SolutionPackageVersion="9.2" languagecode="1033" generatedBy="CrmLive" xmlns:xsi="http://www.w3.org/2001/XMLSchema-instance">
  <SolutionManifest>
    <UniqueName>CaseDataSimulatorSolution</UniqueName>
    <LocalizedNames>
      <LocalizedName description="Case Data Simulator Solution" languagecode="1033" />
    </LocalizedNames>
    <Descriptions>
      <Description description="Solution for Case Data Simulator" languagecode="1033" />
    </Descriptions>
    <Version>1.0.0.1</Version>
    <Managed>0</Managed>
    <Publisher>
      <UniqueName>CaseDataSimulatorPublisher</UniqueName>
      <LocalizedNames>
        <LocalizedName description="Case Data Simulator Publisher" languagecode="1033" />
      </LocalizedNames>
      <Descriptions>
        <Description description="Publisher for the Case Data Simulator collection of tools which simulate case data being created/updated." languagecode="1033" />
      </Descriptions>
      <EMailAddress>chscalzo@microsoft.com</EMailAddress>
      <SupportingWebsiteUrl xsi:nil="true"></SupportingWebsiteUrl>
      <CustomizationPrefix>casedata</CustomizationPrefix>
      <CustomizationOptionValuePrefix>85978</CustomizationOptionValuePrefix>
      <Addresses>
        <Address>
          <AddressNumber>1</AddressNumber>
          <AddressTypeCode>1</AddressTypeCode>
          <City xsi:nil="true"></City>
          <County xsi:nil="true"></County>
          <Country xsi:nil="true"></Country>
          <Fax xsi:nil="true"></Fax>
          <FreightTermsCode xsi:nil="true"></FreightTermsCode>
          <ImportSequenceNumber xsi:nil="true"></ImportSequenceNumber>
          <Latitude xsi:nil="true"></Latitude>
          <Line1 xsi:nil="true"></Line1>
          <Line2 xsi:nil="true"></Line2>
          <Line3 xsi:nil="true"></Line3>
          <Longitude xsi:nil="true"></Longitude>
          <Name xsi:nil="true"></Name>
          <PostalCode xsi:nil="true"></PostalCode>
          <PostOfficeBox xsi:nil="true"></PostOfficeBox>
          <PrimaryContactName xsi:nil="true"></PrimaryContactName>
          <ShippingMethodCode>1</ShippingMethodCode>
          <StateOrProvince xsi:nil="true"></StateOrProvince>
          <Telephone1 xsi:nil="true"></Telephone1>
          <Telephone2 xsi:nil="true"></Telephone2>
          <Telephone3 xsi:nil="true"></Telephone3>
          <TimeZoneRuleVersionNumber xsi:nil="true"></TimeZoneRuleVersionNumber>
          <UPSZone xsi:nil="true"></UPSZone>
          <UTCOffset xsi:nil="true"></UTCOffset>
          <UTCConversionTimeZoneCode xsi:nil="true"></UTCConversionTimeZoneCode>
        </Address>
        <Address>
          <AddressNumber>2</AddressNumber>
          <AddressTypeCode>1</AddressTypeCode>
          <City xsi:nil="true"></City>
          <County xsi:nil="true"></County>
          <Country xsi:nil="true"></Country>
          <Fax xsi:nil="true"></Fax>
          <FreightTermsCode xsi:nil="true"></FreightTermsCode>
          <ImportSequenceNumber xsi:nil="true"></ImportSequenceNumber>
          <Latitude xsi:nil="true"></Latitude>
          <Line1 xsi:nil="true"></Line1>
          <Line2 xsi:nil="true"></Line2>
          <Line3 xsi:nil="true"></Line3>
          <Longitude xsi:nil="true"></Longitude>
          <Name xsi:nil="true"></Name>
          <PostalCode xsi:nil="true"></PostalCode>
          <PostOfficeBox xsi:nil="true"></PostOfficeBox>
          <PrimaryContactName xsi:nil="true"></PrimaryContactName>
          <ShippingMethodCode>1</ShippingMethodCode>
          <StateOrProvince xsi:nil="true"></StateOrProvince>
          <Telephone1 xsi:nil="true"></Telephone1>
          <Telephone2 xsi:nil="true"></Telephone2>
          <Telephone3 xsi:nil="true"></Telephone3>
          <TimeZoneRuleVersionNumber xsi:nil="true"></TimeZoneRuleVersionNumber>
          <UPSZone xsi:nil="true"></UPSZone>
          <UTCOffset xsi:nil="true"></UTCOffset>
          <UTCConversionTimeZoneCode xsi:nil="true"></UTCConversionTimeZoneCode>
        </Address>
      </Addresses>
    </Publisher>
    <RootComponents>
      <RootComponent type="29" id="{4b3d68b8-bcc2-4b26-9816-56d654ee603c}" behavior="0" />
      <RootComponent type="29" id="{629418e0-a32a-47e7-9933-1fa3b6e61248}" behavior="0" />
      <RootComponent type="29" id="{92a71ab0-cfae-ed11-aad1-6045bd006076}" behavior="0" />
      <RootComponent type="29" id="{93a71ab0-cfae-ed11-aad1-6045bd006076}" behavior="0" />
      <RootComponent type="29" id="{94a71ab0-cfae-ed11-aad1-6045bd006076}" behavior="0" />
      <RootComponent type="29" id="{a41a72db-5ee7-442e-b559-7160f9ba9cff}" behavior="0" />
    </RootComponents>
    <MissingDependencies>
      <MissingDependency>
        <Required type="1" schemaName="incident" displayName="Case" solution="msdynce_Service (9.0.5.56)">
          <package>msdynce_ServiceAnchor (9.0.22123.1015)</package>
        </Required>
        <Dependent type="29" displayName="Case Data Simulator - Resolve Cases" id="{92a71ab0-cfae-ed11-aad1-6045bd006076}" />
      </MissingDependency>
      <MissingDependency>
        <Required type="1" schemaName="incident" displayName="Case" solution="msdynce_Service (9.0.5.56)">
          <package>msdynce_ServiceAnchor (9.0.22123.1015)</package>
        </Required>
        <Dependent type="29" displayName="Case Data Simulator - Create New Cases Each Business Hour" id="{93a71ab0-cfae-ed11-aad1-6045bd006076}" />
      </MissingDependency>
      <MissingDependency>
        <Required type="1" schemaName="msfp_surveyinvite" displayName="Customer Voice survey invite" solution="MicrosoftFormsPro (2.0.0.40)">
          <package>MicrosoftFormsPro (2.0.0.40)</package>
        </Required>
        <Dependent type="29" displayName="Case Data Simulator - Take Surveys" id="{94a71ab0-cfae-ed11-aad1-6045bd006076}" />
      </MissingDependency>
    </MissingDependencies>
  </SolutionManifest>
</ImportExportXml>